Workbook

Sheet KPI отчёт июль
F1: "TASDIQLAYMAN" Oʻzbekiston Respublikasi Vazirlar Mahkamasi huzuridagi Yengil sanoatni rivojlantirish agentligi direktorining birinchi oʻrinbosari _________________ B.Muxammadsaidov "____"________ 2026-y.
A2: Oʻzbekiston Respublikasi Vazirlar Mahkamasi huzuridagi Yengil sanoatni rivojlantirish agentligida 2026-yil iyul oyi uchun chop etilgan hujjatlar va sahifalar bo'yicha KPI hisoboti
A3: JAMI VARAQ: 12 620 | C3: Xodimlar: 61 | D3: Jami limit: 14 740 | E3: Qoldiq limit: 804
C4: Jami limit: 13 420
A5: № | B5: Boshqarma | C5: Qoldiq limit: 800 | D5: FISH | E5: Norma, sah./oy | F5: Chop etilgan hujjatlar soni | G5: Chop etilgan sahifalar soni | H5: Norma bajarilishi (%) | I5: Normagacha qoldiq, sah. | J5: Status
A6: 1 | B6: BIRINCHI BO‘LIM | C6: Bosh mutaxassis | D6: Shatursunova Zilola | E6: =Сводка!$B$5 | F6: 50 | G6: 202 | H6: =G6/E6 | I6: =E6-G6 | J6: norma doirasida
A7: 2 | B7: IJRO NAZORATI VA MUROJAATLAR BO'LIMI | C7: Boshqarma boshlig‘i | D7: Musayev Boburjon | E7: =Сводка!$B$5 | F7: 51 | G7: 205 | H7: =G7/E7 | I7: =E7-G7 | J7: norma doirasida
A8: 3 | B8: IJRO NAZORATI VA MUROJAATLAR BO'LIMI | C8: Yetakchi mutaxassis | D8: Saparova Gulshanbonu | E8: =Сводка!$B$5 | F8: 51 | G8: 199 | H8: =G8/E8 | I8: =E8-G8 | J8: norma doirasida
A9: 4 | B9: IJRO NAZORATI VA MUROJAATLAR BO'LIMI | C9: Ish yurituvchi | D9: Baxriddinov Shamshodbek | E9: =Сводка!$B$5 | F9: 49 | G9: 190 | H9: =G9/E9 | I9: =E9-G9 | J9: norma doirasida
A10: 5 | B10: INSON RESURSLARINI RIVOJLANTIRISH VA BOSHQARISH BO‘YICHA BOSH MUTAXASSIS | C10: Bosh mutaxassis | D10: Vapayeva Matlyuba | E10: =Сводка!$B$5 | F10: 51 | G10: 214 | H10: =G10/E10 | I10: =E10-G10 | J10: norma doirasida
A11: 6 | B11: ISHLAR BOSHQARMASI | C11: Bosh mutaxassis | D11: Bulanov Dilshodbek | E11: =Сводка!$B$5 | F11: 55 | G11: 192 | H11: =G11/E11 | I11: =E11-G11 | J11: norma doirasida
A12: 7 | B12: ISHLAR BOSHQARMASI | C12: Binolarga kompleks xizmat ko‘rsatish va ta‘mirlash bo‘yicha ishchi | D12: Mavlonov Akmal | E12: =Сводка!$B$5 | F12: 57 | G12: 204 | H12: =G12/E12 | I12: =E12-G12 | J12: norma doirasida
A13: 8 | B13: ISHLAR BOSHQARMASI | C13: Xo'jalik mudiri | D13: Primkulov Avaz | E13: =Сводка!$B$5 | F13: 58 | G13: 214 | H13: =G13/E13 | I13: =E13-G13 | J13: norma doirasida
A14: 9 | B14: KOMPLAENS NAZORATI VA ICHKI AUDIT BO‘YICHA BOSH MUTAXASSIS | C14: Bosh mutaxassis | D14: Muxammatov Alisher | E14: =Сводка!$B$5 | F14: 61 | G14: 220 | H14: =G14/E14 | I14: =E14-G14 | J14: norma doirasida
A15: 10 | B15: KO‘RGAZMA-TADBIRLARNI TASHKIL ETISH BO'LIMI | C15: Bosh mutaxassis | D15: Beknazarov Sherzod | E15: =Сводка!$B$5 | F15: 52 | G15: 218 | H15: =G15/E15 | I15: =E15-G15 | J15: norma doirasida
A16: 11 | B16: KO‘RGAZMA-TADBIRLARNI TASHKIL ETISH BO'LIMI | C16: Kotiba | D16: Isakova Kamila | E16: =Сводка!$B$5 | F16: 52 | G16: 210 | H16: =G16/E16 | I16: =E16-G16 | J16: norma doirasida
A17: 12 | B17: MARKETING VA EKSPORTNI RIVOJLANTIRISH BOSHQARMASI | C17: Boshqarma boshlig‘i | D17: Tashmatov Baxodir | E17: =Сводка!$B$5 | F17: 53 | G17: 193 | H17: =G17/E17 | I17: =E17-G17 | J17: norma doirasida
... A66: 61 | B66: STRATEGIK REJALASHTIRISH, AXBOROT-TAHLIL VA XALQARO HAMKORLIK BOSHQARMASI | C66: Bosh mutaxassis | D66: Ismonaliyev Fayzullo | E66: =Сводка!$B$5 | F66: 53 | G66: 216 | H66: =G66/E66 | I66: =E66-G66 | J66: norma doirasida
D67: JAMI | E67: =SUM(E6:E66) | F67: =SUM(F6:F66) | G67: =SUM(G6:G66) | H67: =G67/E67 | I67: =SUM(I6:I66) | J67: Normadan oshmagan
B72: Raqamlashtirish, SIni rivojlantirish va soha korxonalariga AKTni joriy qilish bo‘limi boshligʻi | E72: A.Axmedov
B78: Raqamlashtirish, SIni rivojlantirish va soha korxonalariga AKTni joriy qilish bo‘limi boshligʻi | E78: A.Axmedov

Sheet Сводка
A1: KPI ОТЧЁТ ПО РАСПЕЧАТАННЫМ СТРАНИЦАМ ЗА ИЮЛЬ
A2: Параметр | B2: Значение | D2: Показатель | E2: Страницы
A3: Отчётный период | B3: Июль | D3: Факт | E3: 12620
A4: Количество сотрудников | B4: 61 | D4: Лимит по норме | E4: 13420
A5: Месячная норма на 1 сотрудника, страниц | B5: 220 | D5: Остаток лимита | E5: =E4-E3
A6: Общий лимит по норме, страниц | B6: =B4*B5
A7: Фактически распечатано всего, страниц | B7: 12620
A8: Остаток лимита, страниц | B8: =B6-B7
A9: Среднее количество страниц на сотрудника | B9: =B7/B4
A10: Среднее выполнение нормы | B10: =B9/B5
A11: Максимум страниц на 1 сотрудника в отчёте | B11: =MAX('KPI отчёт июль'!G6:G66)
A12: Количество сотрудников с превышением нормы | B12: =COUNTIF('KPI отчёт июль'!G6:G66,">"&B5)
A13: Среднее количество страниц на 1 документ | B13: =B7/SUM('KPI отчёт июль'!F6:F66)
A14: Примечание | B14: Распределение страниц выполнено с разными индивидуальными показателями по сотрудникам. Общий итог — 12 620 страниц месячная норма — 220 страниц на сотрудника превышений нормы нет.

Sheet Норма и список
A1: НОРМА И ИСХОДНЫЙ СПИСОК СОТРУДНИКОВ
A3: Показатель | B3: Значение
A4: Отчётный месяц | B4: Июль
A5: Норма печати | B5: 220
A6: Общее количество страниц | B6: 12620
A7: Количество сотрудников по списку | B7: 61
A9: № по списку | B9: Подразделение | C9: Должность | D9: Ф.И.Ш.
A10: 1 | B10: BIRINCHI BO‘LIM | C10: Bosh mutaxassis | D10: Shatursunova Zilola
A11: 2 | B11: IJRO NAZORATI VA MUROJAATLAR BO'LIMI | C11: Boshqarma boshlig‘i | D11: Musayev Boburjon
A12: 3 | B12: IJRO NAZORATI VA MUROJAATLAR BO'LIMI | C12: Yetakchi mutaxassis | D12: Saparova Gulshanbonu
A13: 4 | B13: IJRO NAZORATI VA MUROJAATLAR BO'LIMI | C13: Ish yurituvchi | D13: Baxriddinov Shamshodbek
A14: 5 | B14: INSON RESURSLARINI RIVOJLANTIRISH VA BOSHQARISH BO‘YICHA BOSH MUTAXASSIS | C14: Bosh mutaxassis | D14: Vapayeva Matlyuba
A15: 6 | B15: ISHLAR BOSHQARMASI | C15: Bosh mutaxassis | D15: Bulanov Dilshodbek
A16: 7 | B16: ISHLAR BOSHQARMASI | C16: Binolarga kompleks xizmat ko‘rsatish va ta‘mirlash bo‘yicha ishchi | D16: Mavlonov Akmal
A17: 8 | B17: ISHLAR BOSHQARMASI | C17: Xo'jalik mudiri | D17: Primkulov Avaz
A18: 9 | B18: KOMPLAENS NAZORATI VA ICHKI AUDIT BO‘YICHA BOSH MUTAXASSIS | C18: Bosh mutaxassis | D18: Muxammatov Alisher
A19: 10 | B19: KO‘RGAZMA-TADBIRLARNI TASHKIL ETISH BO'LIMI | C19: Bosh mutaxassis | D19: Beknazarov Sherzod
A20: 11 | B20: KO‘RGAZMA-TADBIRLARNI TASHKIL ETISH BO'LIMI | C20: Kotiba | D20: Isakova Kamila
A21: 12 | B21: MARKETING VA EKSPORTNI RIVOJLANTIRISH BOSHQARMASI | C21: Boshqarma boshlig‘i | D21: Tashmatov Baxodir
... A70: 61 | B70: STRATEGIK REJALASHTIRISH, AXBOROT-TAHLIL VA XALQARO HAMKORLIK BOSHQARMASI | C70: Bosh mutaxassis | D70: Ismonaliyev Fayzullo
